,08/08/22 00:01:00,08/08/22 00:16:00,08/08/22 00:31:00,08/08/22 00:46:00,08/08/22 01:01:00,08/08/22 01:16:00,08/08/22 01:31:00,08/08/22 01:46:00,08/08/22 02:01:00,08/08/22 02:16:00,08/08/22 02:31:00,08/08/22 02:46:00,08/08/22 03:01:00,08/08/22 03:16:00,08/08/22 03:31:00,08/08/22 03:46:00,08/08/22 04:01:00,08/08/22 04:16:00,08/08/22 04:31:00,08/08/22 04:46:00,08/08/22 05:01:00,08/08/22 05:16:00,08/08/22 05:31:00,08/08/22 05:46:00,08/08/22 06:01:00,08/08/22 06:16:00,08/08/22 06:31:00,08/08/22 06:46:00,08/08/22 07:01:00,08/08/22 07:16:00,08/08/22 07:31:00,08/08/22 07:46:00,08/08/22 08:01:00,08/08/22 08:16:00,08/08/22 08:31:00,08/08/22 08:46:00,08/08/22 09:01:00,08/08/22 09:16:00,08/08/22 09:31:00,08/08/22 09:46:00,08/08/22 10:01:00,08/08/22 10:16:00,08/08/22 10:31:00,08/08/22 10:46:00,08/08/22 11:01:00,08/08/22 11:16:00,08/08/22 11:31:00,08/08/22 11:46:00,08/08/22 12:01:00,08/08/22 12:16:00,08/08/22 12:31:00,08/08/22 12:46:00,08/08/22 13:01:00,08/08/22 13:16:00,08/08/22 13:31:00,08/08/22 13:46:00,08/08/22 14:01:00,08/08/22 14:16:00,08/08/22 14:31:00,08/08/22 14:46:00,08/08/22 15:01:00,08/08/22 15:16:00,08/08/22 15:31:00,08/08/22 15:46:00,08/08/22 16:01:00,08/08/22 16:16:00,08/08/22 16:31:00,08/08/22 16:46:00,08/08/22 17:01:00,08/08/22 17:16:00,08/08/22 17:31:00,08/08/22 17:46:00,08/08/22 18:01:00,08/08/22 18:16:00,08/08/22 18:31:00,08/08/22 18:46:00,08/08/22 19:01:00,08/08/22 19:16:00,08/08/22 19:31:00,08/08/22 19:46:00,08/08/22 20:01:00,08/08/22 20:16:00,08/08/22 20:31:00,08/08/22 20:46:00,08/08/22 21:01:00,08/08/22 21:16:00,08/08/22 21:31:00,08/08/22 21:46:00,08/08/22 22:01:00,08/08/22 22:16:00,08/08/22 22:31:00,08/08/22 22:46:00,08/08/22 23:01:00,08/08/22 23:16:00,08/08/22 23:31:00,08/08/22 23:46:00,08/09/22 00:01:00
max_amp,2.140775596636461e-06,2.4997227205869924e-06,1.8784160616638477e-06,1.2574264798364815e-06,1.8163690189811834e-06,1.4770031895482048e-06,1.8476866219038167e-06,2.047076056407783e-06,2.1514884035535102e-06,1.818488092180147e-06,1.4705399587400684e-06,1.5936219159373396e-06,1.3949664044066545e-06,1.6592556871550051e-06,2.0599074357341806e-06,1.2720517262010736e-06,1.0594468784214802e-06,1.2606942762836712e-06,1.5926654321992573e-06,1.5411817469163575e-06,1.4084254359793522e-06,1.5660832533451067e-06,1.120409940227865e-06,1.212640217624807e-06,1.3909210140477213e-06,1.3257394963463532e-06,1.1430223827072386e-06,1.0727190595649294e-06,1.2840633066195982e-06,1.0805788723735001e-06,1.1052764951298535e-06,1.2197556378835677e-06,1.411617590963762e-06,1.4505692107186203e-06,1.2913789611719954e-06,1.2035798101838161e-06,8.692654650499786e-07,9.852675059605115e-07,7.340060669800037e-07,8.209663889769861e-07,7.562107998549196e-07,8.416420486049462e-07,1.1438939623874634e-06,9.957669604940466e-07,9.580542360916847e-07,8.643671889492491e-07,1.1182665401864581e-06,1.2255001677109796e-06,8.035423541359776e-07,8.072813907558262e-07,1.12384770369026e-06,1.384300532769451e-06,3.458628445480699e-06,1.0453802969432625e-05,1.2216960823949977e-05,3.717077308733351e-05,0.0004883709886809342,0.005327625842681094,0.032275768961475236,0.03927970456580335,0.03660243819220536,0.03149509710422318,0.035291894672968095,0.0313563535490682,0.0296706979468652,0.027637660054618676,0.029751022048612744,0.025124161742550683,0.014748069683948544,0.012178516722712782,0.010405897786961882,0.007059076522965443,0.00879545816781723,0.005133470503406349,0.002176030388113582,0.002261807861318293,0.0014743389202022303,0.0015780972943542344,0.002340370273539258,0.0008400781480929302,0.0005068817160371954,0.0006109260170959246,0.0003497364350151833,0.00013096807718723232,0.0003555639731052499,0.0004057152577362718,0.00016808801506673784,0.0002338991706233019,0.00019299288636245908,0.00011246260386355657,6.338318385345541e-05,5.860777395238325e-05,4.2298990704275446e-05,3.991819312767144e-05,3.247697079824522e-05,4.144487367441538e-05,4.0574092826454194e-05
mean_amp,1.492925072790984e-06,1.6946195737918841e-06,1.1862097416176757e-06,9.85391615073482e-07,1.2877166957693012e-06,1.173373074903214e-06,1.205916519619429e-06,1.4526605128305838e-06,1.6083172380742683e-06,1.2585175144563033e-06,1.0783063803793248e-06,1.1007657925819717e-06,1.067164722967859e-06,1.290317787862472e-06,1.3515258074843906e-06,1.0123968033518208e-06,8.409482577354419e-07,9.587765117980637e-07,1.1759597890016663e-06,1.1451934401792383e-06,9.872460213947112e-07,1.0503115035420816e-06,8.445256741411959e-07,8.79961744653383e-07,1.1098895436190267e-06,9.362834498228818e-07,8.242045728151056e-07,8.589163316634453e-07,7.955061286344835e-07,7.317530676313396e-07,8.121106954745461e-07,8.848211113841607e-07,9.878676092323236e-07,9.415422659332302e-07,8.891509603613748e-07,7.374363037704912e-07,5.965976710560195e-07,6.380905224493163e-07,5.59970335487833e-07,5.563453598022236e-07,5.505368125306667e-07,6.630639202619465e-07,7.354260250133564e-07,7.228898336683925e-07,6.858848219692722e-07,6.467318075916911e-07,7.870702654190118e-07,8.903689728674724e-07,6.612510143682372e-07,5.549392870425721e-07,7.644378014525341e-07,9.9872384262512e-07,2.24224359255542e-06,8.068270510234946e-06,9.580739381104144e-06,2.5880162435940112e-05,0.0003350139543901669,0.004244183304082627,0.024737206555507534,0.025750369119846104,0.026497755819196413,0.02573658045273317,0.0260342682158541,0.025016293472347923,0.022217714358913662,0.021905989535808953,0.020681816639353163,0.019208674079211778,0.011280749475975108,0.008758493703588558,0.006875743846977805,0.004827841318809241,0.0058078539913804465,0.004077546769698495,0.0015272405161459214,0.0016162247656607684,0.0009506294177899227,0.0010380072236297578,0.001261505756932745,0.0005584288800290593,0.00034043902934367836,0.00039980756742577473,0.00023761993335777182,9.426799106741911e-05,0.00023795182775074522,0.0002520751953971203,0.00011987568671669974,0.00014342891049014608,0.00012584987767157808,8.14184701660165e-05,4.173252522967838e-05,3.040920255919214e-05,2.962831096081112e-05,2.531157140687361e-05,2.3331551620226297e-05,2.574694417821636e-05,2.7298539995977717e-05
median_amp,1.4779299653656252e-06,1.6435468224834735e-06,1.142646770824528e-06,9.885586374151706e-07,1.2472002069378258e-06,1.1705368085730188e-06,1.1970886142910538e-06,1.3787600799620439e-06,1.568721303794964e-06,1.2376142552989513e-06,1.0616224043170013e-06,1.086238257876378e-06,1.070555046876853e-06,1.2765745292285606e-06,1.3362131614347598e-06,1.0034962055760242e-06,8.377955356956453e-07,9.353652090374112e-07,1.160420412653864e-06,1.1257762308349528e-06,9.63916715793469e-07,1.047199055051387e-06,8.327044176249163e-07,8.780469664518927e-07,1.0944275522444677e-06,9.211672518531958e-07,8.106802987422525e-07,8.542544806339625e-07,7.778079195994863e-07,7.31124239018096e-07,7.973617790365108e-07,8.774540057787055e-07,9.793541936126162e-07,9.394815154914744e-07,8.533654556294967e-07,7.075728866236244e-07,5.918806176689287e-07,6.236260621891329e-07,5.573769860794425e-07,5.433114824387577e-07,5.487222043117564e-07,6.528243911453232e-07,7.254124995823296e-07,7.024487633290424e-07,6.664190425725814e-07,6.36640794311264e-07,7.717727991742157e-07,8.806922953034016e-07,6.55572438970375e-07,5.348814233784833e-07,7.460380265036373e-07,9.84067290549655e-07,2.2479766132017163e-06,7.929409837771916e-06,9.402689458482133e-06,2.508669978616645e-05,0.0003291551485559248,0.004215766212133792,0.024897423357759317,0.025525636117230383,0.026117825302450715,0.0253892716379742,0.025566675625074003,0.02442103682371545,0.022371299498981347,0.02189175480766939,0.020056854846880145,0.01900857090667991,0.011129997989933072,0.008556199438284489,0.006737670534120397,0.004830784610440288,0.005684905342500823,0.0040709765951558305,0.0015215008658067994,0.0015683682355374234,0.0009409085568567733,0.0010143806562511177,0.0012334287878170355,0.0005432660493856021,0.00033869020526023665,0.00039239616092214577,0.0002371119771127962,9.26561245164748e-05,0.0002415035650350902,0.0002547616114694348,0.00011965727123463281,0.00013632323466922908,0.00012419255185894718,8.020562906474403e-05,4.205127816315179e-05,3.026389797012534e-05,2.8944040562241106e-05,2.5092587636404695e-05,2.2736841615560873e-05,2.5075635436668663e-05,2.7096320763431176e-05
impulses_ch6,0,0,0,0,0,0,0,0,0,0,0,0,0,0,0,0,0,0,0,0,0,0,0,0,0,0,0,0,0,0,0,0,0,0,0,0,0,0,0,0,0,0,0,0,0,0,0,0,0,0,0,0,0,0,0,0,0,0,0,0,0,0,0,0,0,0,0,0,0,0,0,0,0,0,0,0,0,0,0,0,0,0,0,0,0,0,0,0,0,0,0,0,0,0,0,0,0
impulses_ch5,0,0,0,0,0,0,0,0,0,0,0,0,0,0,0,0,0,0,0,0,0,0,0,0,0,0,0,0,0,0,0,0,0,0,0,0,0,0,0,0,0,0,0,0,0,0,0,0,0,0,0,0,0,0,0,0,0,0,5,7,2,15,10,11,5,2,2,8,0,0,0,0,1,0,0,0,0,0,0,0,0,0,0,0,0,0,0,0,0,0,0,0,0,0,0,0,0
impulses_ch4,0,0,0,0,0,0,0,0,0,0,0,0,0,0,0,0,0,0,0,0,0,0,0,0,0,0,0,0,0,0,0,0,0,0,0,0,0,0,0,0,0,0,0,0,0,0,0,0,0,0,0,0,0,0,0,0,0,0,401,570,631,637,753,599,403,421,426,292,46,22,25,4,11,0,0,0,0,0,0,0,0,0,0,0,0,0,0,0,0,0,0,0,0,0,0,0,0
impulses_ch3,0,0,0,0,0,0,0,0,0,0,0,0,0,0,0,0,0,0,0,0,0,0,0,0,0,0,0,0,0,0,0,0,0,0,0,0,0,0,0,0,0,0,0,0,0,0,0,0,0,0,0,0,0,0,0,0,0,137,23073,21833,22473,19799,19913,19355,15467,14599,12961,11538,2952,1602,716,336,482,172,16,14,7,7,23,4,1,0,0,0,0,0,0,0,0,0,0,0,0,0,0,0,0
impulses_ch2,0,0,0,0,0,0,0,0,0,0,0,0,0,0,0,0,0,0,0,0,0,0,0,0,0,0,0,0,0,0,0,0,0,0,0,0,0,0,0,0,0,0,0,0,0,0,0,0,0,0,0,0,0,0,0,0,15,9211,32593,28443,27218,29039,28599,29255,31763,32952,35312,37139,38835,31740,25309,10581,16698,7325,699,654,252,327,467,76,30,38,11,0,8,9,1,1,1,0,0,0,0,0,0,0,0
impulses_ch1,0,0,0,0,0,0,0,0,0,0,0,0,0,0,0,0,0,0,0,0,0,0,0,0,0,0,0,0,0,0,0,0,0,0,0,0,0,0,0,0,0,0,0,0,0,0,0,0,0,0,0,0,0,0,0,0,502,34605,8779,7895,7432,8194,8112,8398,9550,10238,11016,11478,18935,24789,29783,35276,31538,37488,17692,19874,5619,6349,9458,1630,561,901,302,44,314,341,69,90,90,29,2,0,0,0,2,0,1
max_env_ch6,0,0,0,0,0,0,0,0,0,0,0,0,0,0,0,0,0,0,0,0,0,0,0,0,0,0,0,0,0,0,0,0,0,0,0,0,0,0,0,0,0,0,0,0,0,0,0,0,0,0,0,0,0,0,0,0,0,0,0,0,0,0,0,0,0,0,0,0,0,0,0,0,0,0,0,0,0,0,0,0,0,0,0,0,0,0,0,0,0,0,0,0,0,0,0,0,0
mean_env_ch6,0,0,0,0,0,0,0,0,0,0,0,0,0,0,0,0,0,0,0,0,0,0,0,0,0,0,0,0,0,0,0,0,0,0,0,0,0,0,0,0,0,0,0,0,0,0,0,0,0,0,0,0,0,0,0,0,0,0,0,0,0,0,0,0,0,0,0,0,0,0,0,0,0,0,0,0,0,0,0,0,0,0,0,0,0,0,0,0,0,0,0,0,0,0,0,0,0
median_env_ch6,0,0,0,0,0,0,0,0,0,0,0,0,0,0,0,0,0,0,0,0,0,0,0,0,0,0,0,0,0,0,0,0,0,0,0,0,0,0,0,0,0,0,0,0,0,0,0,0,0,0,0,0,0,0,0,0,0,0,0,0,0,0,0,0,0,0,0,0,0,0,0,0,0,0,0,0,0,0,0,0,0,0,0,0,0,0,0,0,0,0,0,0,0,0,0,0,0
max_env_ch5,0.0,0.0,0.0,0.0,0.0,0.0,0.0,0.0,0.0,0.0,0.0,0.0,0.0,0.0,0.0,0.0,0.0,0.0,0.0,0.0,0.0,0.0,0.0,0.0,0.0,0.0,0.0,0.0,0.0,0.0,0.0,0.0,0.0,0.0,0.0,0.0,0.0,0.0,0.0,0.0,0.0,0.0,0.0,0.0,0.0,0.0,0.0,0.0,0.0,0.0,0.0,0.0,0.0,0.0,0.0,0.0,0.0,0.0,0.1152710341045675,0.1571188182632134,0.11205864103844332,0.12590980652216294,0.13805918950754298,0.1254254141962728,0.10715641602935297,0.09739325725325808,0.10539590729161943,0.0908804321454087,0.0,0.0,0.0,0.0,0.03518183267126892,0.0,0.0,0.0,0.0,0.0,0.0,0.0,0.0,0.0,0.0,0.0,0.0,0.0,0.0,0.0,0.0,0.0,0.0,0.0,0.0,0.0,0.0,0.0,0.0
mean_env_ch5,0.0,0.0,0.0,0.0,0.0,0.0,0.0,0.0,0.0,0.0,0.0,0.0,0.0,0.0,0.0,0.0,0.0,0.0,0.0,0.0,0.0,0.0,0.0,0.0,0.0,0.0,0.0,0.0,0.0,0.0,0.0,0.0,0.0,0.0,0.0,0.0,0.0,0.0,0.0,0.0,0.0,0.0,0.0,0.0,0.0,0.0,0.0,0.0,0.0,0.0,0.0,0.0,0.0,0.0,0.0,0.0,0.0,0.0,0.11173071866931698,0.1222243229164877,0.11205864103844332,0.11610967778183734,0.12295818461944734,0.11570328675633125,0.09783144241382781,0.09145169038658577,0.09171555007127151,0.08282465035353309,0.0,0.0,0.0,0.0,0.03518183267126892,0.0,0.0,0.0,0.0,0.0,0.0,0.0,0.0,0.0,0.0,0.0,0.0,0.0,0.0,0.0,0.0,0.0,0.0,0.0,0.0,0.0,0.0,0.0,0.0
median_env_ch5,0.0,0.0,0.0,0.0,0.0,0.0,0.0,0.0,0.0,0.0,0.0,0.0,0.0,0.0,0.0,0.0,0.0,0.0,0.0,0.0,0.0,0.0,0.0,0.0,0.0,0.0,0.0,0.0,0.0,0.0,0.0,0.0,0.0,0.0,0.0,0.0,0.0,0.0,0.0,0.0,0.0,0.0,0.0,0.0,0.0,0.0,0.0,0.0,0.0,0.0,0.0,0.0,0.0,0.0,0.0,0.0,0.0,0.0,0.11129702930396891,0.11472372656253409,0.11205864103844332,0.12014614485989272,0.12230894703224388,0.11857928083380051,0.09902753731428454,0.09145169038658577,0.09171555007127151,0.0822311466771943,0.0,0.0,0.0,0.0,0.03518183267126892,0.0,0.0,0.0,0.0,0.0,0.0,0.0,0.0,0.0,0.0,0.0,0.0,0.0,0.0,0.0,0.0,0.0,0.0,0.0,0.0,0.0,0.0,0.0,0.0
max_env_ch4,0.0,0.0,0.0,0.0,0.0,0.0,0.0,0.0,0.0,0.0,0.0,0.0,0.0,0.0,0.0,0.0,0.0,0.0,0.0,0.0,0.0,0.0,0.0,0.0,0.0,0.0,0.0,0.0,0.0,0.0,0.0,0.0,0.0,0.0,0.0,0.0,0.0,0.0,0.0,0.0,0.0,0.0,0.0,0.0,0.0,0.0,0.0,0.0,0.0,0.0,0.0,0.0,0.0,0.0,0.0,0.0,0.0,0.0,0.5164123033836038,0.6284752730528536,0.5856390110752857,0.5039215536675709,0.5646703147674895,0.5017016567850912,0.4747311671498432,0.4422025608738988,0.4760163527778039,0.40198658788081093,0.2359691149431767,0.19485626756340452,0.1664943645913901,0.09518295994965577,0.14072733068507567,0.0,0.0,0.0,0.0,0.0,0.0,0.0,0.0,0.0,0.0,0.0,0.0,0.0,0.0,0.0,0.0,0.0,0.0,0.0,0.0,0.0,0.0,0.0,0.0
mean_env_ch4,0.0,0.0,0.0,0.0,0.0,0.0,0.0,0.0,0.0,0.0,0.0,0.0,0.0,0.0,0.0,0.0,0.0,0.0,0.0,0.0,0.0,0.0,0.0,0.0,0.0,0.0,0.0,0.0,0.0,0.0,0.0,0.0,0.0,0.0,0.0,0.0,0.0,0.0,0.0,0.0,0.0,0.0,0.0,0.0,0.0,0.0,0.0,0.0,0.0,0.0,0.0,0.0,0.0,0.0,0.0,0.0,0.0,0.0,0.39804894523814316,0.4132513493845409,0.4239640931071426,0.41371420488275956,0.4165482914536656,0.40026069555756677,0.3579909049257962,0.35368556592233136,0.33544115828997395,0.3110132468818851,0.19802142403906534,0.1524217868623603,0.13189405350537214,0.08551303157999655,0.10195705644262279,0.0,0.0,0.0,0.0,0.0,0.0,0.0,0.0,0.0,0.0,0.0,0.0,0.0,0.0,0.0,0.0,0.0,0.0,0.0,0.0,0.0,0.0,0.0,0.0
median_env_ch4,0.0,0.0,0.0,0.0,0.0,0.0,0.0,0.0,0.0,0.0,0.0,0.0,0.0,0.0,0.0,0.0,0.0,0.0,0.0,0.0,0.0,0.0,0.0,0.0,0.0,0.0,0.0,0.0,0.0,0.0,0.0,0.0,0.0,0.0,0.0,0.0,0.0,0.0,0.0,0.0,0.0,0.0,0.0,0.0,0.0,0.0,0.0,0.0,0.0,0.0,0.0,0.0,0.0,0.0,0.0,0.0,0.0,0.0,0.398500863122767,0.4090271227683316,0.41788520483921143,0.4074180329882476,0.40906681000118406,0.3907365891794472,0.3601616594419238,0.35416385235721615,0.32622337575256355,0.30799155865256056,0.19604178800581243,0.15354641341984443,0.12476197757377872,0.0888428561769159,0.09225697356830884,0.0,0.0,0.0,0.0,0.0,0.0,0.0,0.0,0.0,0.0,0.0,0.0,0.0,0.0,0.0,0.0,0.0,0.0,0.0,0.0,0.0,0.0,0.0,0.0
max_env_ch3,0.0,0.0,0.0,0.0,0.0,0.0,0.0,0.0,0.0,0.0,0.0,0.0,0.0,0.0,0.0,0.0,0.0,0.0,0.0,0.0,0.0,0.0,0.0,0.0,0.0,0.0,0.0,0.0,0.0,0.0,0.0,0.0,0.0,0.0,0.0,0.0,0.0,0.0,0.0,0.0,0.0,0.0,0.0,0.0,0.0,0.0,0.0,0.0,0.0,0.0,0.0,0.0,0.0,0.0,0.0,0.0,0.0,0.34096805393159,2.065649213534415,2.5139010922114142,2.342556044301143,2.0156862146702834,2.258681259069958,2.0068066271403646,1.8989246685993728,1.7688102434955952,1.9040654111112156,1.6079463515232437,0.9438764597727068,0.7794250702536181,0.6659774583655604,0.45178089746978833,0.5629093227403027,0.32854211221800633,0.13926594483926924,0.14475570312437075,0.09435769089294274,0.100998226838671,0.14978369750651252,0.04547709036154752,0.030045049785312295,0.0,0.0,0.0,0.0,0.0,0.0,0.0,0.0,0.0,0.0,0.0,0.0,0.0,0.0,0.0,0.0
mean_env_ch3,0.0,0.0,0.0,0.0,0.0,0.0,0.0,0.0,0.0,0.0,0.0,0.0,0.0,0.0,0.0,0.0,0.0,0.0,0.0,0.0,0.0,0.0,0.0,0.0,0.0,0.0,0.0,0.0,0.0,0.0,0.0,0.0,0.0,0.0,0.0,0.0,0.0,0.0,0.0,0.0,0.0,0.0,0.0,0.0,0.0,0.0,0.0,0.0,0.0,0.0,0.0,0.0,0.0,0.0,0.0,0.0,0.0,0.27896451525951793,1.5831812195524821,1.6480236236701507,1.6958563724285705,1.6471411489749228,1.6661931658146625,1.601042782230267,1.4219337189704744,1.401983330291773,1.3236362649186024,1.2293551410695538,0.7219679664624069,0.5605435970296677,0.4400476062065795,0.310856624289062,0.374574363612817,0.265505039145222,0.111990425811099,0.11964744518905786,0.07789811595351563,0.08193107979528443,0.09479379209568835,0.043465060920105186,0.030045049785312295,0.0,0.0,0.0,0.0,0.0,0.0,0.0,0.0,0.0,0.0,0.0,0.0,0.0,0.0,0.0,0.0
median_env_ch3,0.0,0.0,0.0,0.0,0.0,0.0,0.0,0.0,0.0,0.0,0.0,0.0,0.0,0.0,0.0,0.0,0.0,0.0,0.0,0.0,0.0,0.0,0.0,0.0,0.0,0.0,0.0,0.0,0.0,0.0,0.0,0.0,0.0,0.0,0.0,0.0,0.0,0.0,0.0,0.0,0.0,0.0,0.0,0.0,0.0,0.0,0.0,0.0,0.0,0.0,0.0,0.0,0.0,0.0,0.0,0.0,0.0,0.27753977575631716,1.5934350948965963,1.6336407115027445,1.6715408193568457,1.6249133848303488,1.6362672400047362,1.5629463567177888,1.4317631679348062,1.401072307690841,1.2836387102003293,1.2165485380275143,0.7123198713557166,0.5475967640502073,0.4312109141837054,0.3111674917535145,0.36686449472593907,0.26641259681149554,0.11046922344511778,0.11995522301684979,0.07929835772680352,0.0789370969072698,0.0894048118540145,0.043216948354527454,0.030045049785312295,0.0,0.0,0.0,0.0,0.0,0.0,0.0,0.0,0.0,0.0,0.0,0.0,0.0,0.0,0.0,0.0
max_env_ch2,0.0,0.0,0.0,0.0,0.0,0.0,0.0,0.0,0.0,0.0,0.0,0.0,0.0,0.0,0.0,0.0,0.0,0.0,0.0,0.0,0.0,0.0,0.0,0.0,0.0,0.0,0.0,0.0,0.0,0.0,0.0,0.0,0.0,0.0,0.0,0.0,0.0,0.0,0.0,0.0,0.0,0.0,0.0,0.0,0.0,0.0,0.0,0.0,0.0,0.0,0.0,0.0,0.0,0.0,0.0,0.0,0.12502297310231916,1.36387221572636,8.26259685413766,10.055604368845657,9.370224177204571,8.062744858681134,9.034725036279832,8.027226508561458,7.595698674397491,7.075240973982381,7.6162616444448625,6.431785406092975,3.7755058390908274,3.1177002810144723,2.6639098334622417,1.8071235898791533,2.251637290961211,1.3141684488720253,0.557063779357077,0.579022812497483,0.37743076357177097,0.403992907354684,0.5991347900260501,0.21506000591179014,0.12976171930552202,0.1563970603765567,0.08953252736388692,0.0,0.09102437711494397,0.10386310598048558,0.03153913171949398,0.04798100168093032,0.03637005185859035,0.0,0.0,0.0,0.0,0.0,0.0,0.0,0.0
mean_env_ch2,0.0,0.0,0.0,0.0,0.0,0.0,0.0,0.0,0.0,0.0,0.0,0.0,0.0,0.0,0.0,0.0,0.0,0.0,0.0,0.0,0.0,0.0,0.0,0.0,0.0,0.0,0.0,0.0,0.0,0.0,0.0,0.0,0.0,0.0,0.0,0.0,0.0,0.0,0.0,0.0,0.0,0.0,0.0,0.0,0.0,0.0,0.0,0.0,0.0,0.0,0.0,0.0,0.0,0.0,0.0,0.0,0.09723374324697003,1.0865109258451524,6.332724878209929,6.592094494680603,6.783425489714282,6.588564595899691,6.66477266325865,6.404171128921068,5.6877348758818975,5.607933321167092,5.29454505967441,4.917420564278215,2.8878718658496276,2.242174388118671,1.760190424826318,1.2359273776151658,1.4868106217933943,1.0438519730428146,0.3909735721333559,0.41497989227775195,0.24669832358235919,0.2694839731113128,0.3229454737747827,0.1536347326661294,0.09773011830459785,0.11530978291197509,0.07099746128846093,0.0,0.06980833350031682,0.07584897442410966,0.03153913171949398,0.04798100168093032,0.03637005185859035,0.0,0.0,0.0,0.0,0.0,0.0,0.0,0.0
median_env_ch2,0.0,0.0,0.0,0.0,0.0,0.0,0.0,0.0,0.0,0.0,0.0,0.0,0.0,0.0,0.0,0.0,0.0,0.0,0.0,0.0,0.0,0.0,0.0,0.0,0.0,0.0,0.0,0.0,0.0,0.0,0.0,0.0,0.0,0.0,0.0,0.0,0.0,0.0,0.0,0.0,0.0,0.0,0.0,0.0,0.0,0.0,0.0,0.0,0.0,0.0,0.0,0.0,0.0,0.0,0.0,0.0,0.0978486046826331,1.0792361503062506,6.373740379586385,6.534562846010978,6.686163277427383,6.499653539321395,6.545068960018945,6.251785426871155,5.727052671739225,5.604289230763364,5.134554840801317,4.866194152110057,2.8492794854228665,2.190387056200829,1.7248436567348215,1.2366808602727137,1.4553357676802108,1.0421700083598926,0.38950422164654064,0.4033438265915457,0.24441889536604575,0.262898542236739,0.3157577696811611,0.15024738715710334,0.09417252924344688,0.11427222033478537,0.07035597532681909,0.0,0.06521373106774475,0.07254837865351957,0.03153913171949398,0.04798100168093032,0.03637005185859035,0.0,0.0,0.0,0.0,0.0,0.0,0.0,0.0
max_env_ch1,0.0,0.0,0.0,0.0,0.0,0.0,0.0,0.0,0.0,0.0,0.0,0.0,0.0,0.0,0.0,0.0,0.0,0.0,0.0,0.0,0.0,0.0,0.0,0.0,0.0,0.0,0.0,0.0,0.0,0.0,0.0,0.0,0.0,0.0,0.0,0.0,0.0,0.0,0.0,0.0,0.0,0.0,0.0,0.0,0.0,0.0,0.0,0.0,0.0,0.0,0.0,0.0,0.0,0.0,0.0,0.0,0.5000918924092767,5.45548886290544,33.05038741655064,40.22241747538263,37.480896708818285,32.250979434724535,36.13890014511933,32.108906034245834,30.382794697589965,28.300963895929524,30.46504657777945,25.7271416243719,15.10202335636331,12.470801124057889,10.655639333848967,7.228494359516613,9.006549163844843,5.256673795488101,2.228255117428308,2.316091249989932,1.5097230542870839,1.615971629418736,2.3965391601042003,0.8602400236471606,0.5190468772220881,0.6255882415062268,0.3581301094555477,0.1341113110397259,0.3640975084597759,0.4154524239219423,0.17212212742833954,0.23951275071826114,0.1976247156351581,0.11516170635628192,0.04778774495803236,0.0,0.0,0.0,0.03254947915317471,0.0,0.041547871054289094
mean_env_ch1,0.0,0.0,0.0,0.0,0.0,0.0,0.0,0.0,0.0,0.0,0.0,0.0,0.0,0.0,0.0,0.0,0.0,0.0,0.0,0.0,0.0,0.0,0.0,0.0,0.0,0.0,0.0,0.0,0.0,0.0,0.0,0.0,0.0,0.0,0.0,0.0,0.0,0.0,0.0,0.0,0.0,0.0,0.0,0.0,0.0,0.0,0.0,0.0,0.0,0.0,0.0,0.0,0.0,0.0,0.0,0.0,0.34407348338504484,4.34604370338061,25.330899512839714,26.36837797872241,27.133701958857127,26.354258383598765,26.6590906530346,25.616684515684273,22.75093950352759,22.43173328466837,21.17818023869764,19.66968225711286,11.55148746339851,8.968697552474683,7.040761699305272,4.943709510460663,5.947242487173577,4.1754078921712585,1.5638942885334235,1.6550141600366268,0.9734445238168808,1.062919396996872,1.2917818950991309,0.5718311731497567,0.35030802749090767,0.4094029490439933,0.24950428010877634,0.10015467821738024,0.2436626716167631,0.26295811295846444,0.13042291952418344,0.15844475012740766,0.13814685866356904,0.09396307074229479,0.04778774495803236,0.0,0.0,0.0,0.03172411541089623,0.0,0.041547871054289094
median_env_ch1,0.0,0.0,0.0,0.0,0.0,0.0,0.0,0.0,0.0,0.0,0.0,0.0,0.0,0.0,0.0,0.0,0.0,0.0,0.0,0.0,0.0,0.0,0.0,0.0,0.0,0.0,0.0,0.0,0.0,0.0,0.0,0.0,0.0,0.0,0.0,0.0,0.0,0.0,0.0,0.0,0.0,0.0,0.0,0.0,0.0,0.0,0.0,0.0,0.0,0.0,0.0,0.0,0.0,0.0,0.0,0.0,0.337741326324007,4.316944601225003,25.49496151834554,26.13825138404391,26.74465310970953,25.99861415728558,26.18027584007578,25.00714170748462,22.9082106869569,22.417156923053454,20.53821936320527,19.46477660844023,11.397117941691466,8.761548224803317,6.899374626939286,4.946723441090855,5.821343070720843,4.16868003343957,1.5580168865861626,1.6060090731903216,0.9634903622213359,1.0387257920011446,1.2630310787246444,0.5563044345708565,0.34900388516185143,0.40181366878427727,0.2500445646072963,0.10116706304308573,0.24729965059593237,0.2631820601092805,0.1293212598407203,0.15420741723087078,0.13565403981010593,0.09372478839734004,0.04778774495803236,0.0,0.0,0.0,0.03172411541089623,0.0,0.041547871054289094
tau,1.4441644075,1.5123822985,1.3533179835000002,1.3056302835000002,1.3930697775,1.357638297,1.362681324,1.428025611,1.4664620670000001,1.3805518125,1.321577692,1.3305822285,1.3305822285,1.3962008465,1.4174729135000002,1.3100260825,1.2590209525,1.3008491654999998,1.3675681405,1.3727610129999999,1.310630617,1.330417241,1.2636095315,1.269803263,1.3586243875,1.3056302835000002,1.2676346135,1.2868847735,1.2461573855,1.226340649,1.2605418435,1.2897381325,1.326867053,1.314942037,1.3033880545,1.2281127095,1.1599344165,1.1715929685,1.142992303,1.139171273,1.126503907,1.1902769595,1.228492825,1.212618097,1.2029581084999998,1.1786703705,1.251653779,1.2937263295,1.187777738,1.141804142,1.2578480294999999,1.332455259,1.5909838079999998,2.1687506615,2.3007473825,3.265248137,7.0573823745,13.5126390895,21.08342828,28.119352749999997,32.00750032,31.620971515,30.826982135,30.79040073,28.53089578,25.756546825,23.474647859999997,20.642438585,18.24147606,17.286459975,16.38239891,14.398482730000001,15.218093735,13.768905965000002,10.713533245,10.73823973,9.415089286499999,9.5693059165,10.08559519,8.104838397,7.032196228,7.405023614,6.343297043,4.949058383,6.3638281955,6.4040720625,5.261297019,5.487455246,5.207625022,4.629211867,3.843854035,3.4907628965,3.5250784805000004,3.3236783505,3.254997133,3.3297358965,3.3683360045
amp_factor,0.00344858804800976,0.004082306464513125,0.002719624669659459,0.0023854229567972876,0.003023175438800469,0.0027514924339520834,0.002789033237419893,0.0033098062844357516,0.0036472237403769032,0.0029250626085244864,0.0024936547527373704,0.0025563186649666322,0.0025563186649666322,0.003048084994137803,0.0032212838041335945,0.0024149086065203816,0.0020886370117393182,0.0023536505609518055,0.0028257648073262034,0.002865180603625683,0.002418984241329897,0.0025551603138880274,0.0021165943570575726,0.002154761429611479,0.0027588039445103863,0.0023854229567972876,0.002141341362531785,0.0022626114220155287,0.002011691789110143,0.0018972133292629817,0.002097873605206276,0.0022810018612066385,0.0025303272608330446,0.0024481959034882202,0.0023704839323873354,0.001907252640395112,0.0015479135891472199,0.001605541569786402,0.0014668671819217396,0.0014490233852997036,0.0013909948957895413,0.0017011242979896027,0.0019094111371245526,0.0018207649940838585,0.0017683087706461347,0.0016412759601948286,0.0020443126451855083,0.0023068881760133094,0.0016881055465317071,0.0014613015974076782,0.0020815338821261373,0.0025694956768456964,0.0049128200991749695,0.015243640126703692,0.018917923840616756,0.06801523221148699,1.137719088433929,12.220749934104575,62.11771380153238,62.11771380153238,62.11771380153238,62.11771380153238,62.11771380153238,62.11771380153238,62.11771380153238,62.11771380153238,62.11771380153238,57.50345888720071,36.59457666021208,30.064790148620517,24.705421061451272,15.413105707860089,18.86988444631852,13.089406054231654,5.231745469460999,5.2759779618936715,3.2626527113947446,3.4622666491450618,4.195382974788515,1.8867012824548102,1.1229490306302432,1.3563184706215103,0.7703782508144059,0.31097288933760003,0.7795310728901904,0.7977006717817947,0.38889894625743004,0.45356912361404184,0.37459384008579377,0.24359636624055794,0.12347114727207349,0.08681932260649193,0.08997967871666988,0.0725704659278391,0.06723803151192494,0.07305505716170478,0.07619839505010788
timestamp,2022-08-08 00:01:00,2022-08-08 00:16:00,2022-08-08 00:31:00,2022-08-08 00:46:00,2022-08-08 01:01:00,2022-08-08 01:16:00,2022-08-08 01:31:00,2022-08-08 01:46:00,2022-08-08 02:01:00,2022-08-08 02:16:00,2022-08-08 02:31:00,2022-08-08 02:46:00,2022-08-08 03:01:00,2022-08-08 03:16:00,2022-08-08 03:31:00,2022-08-08 03:46:00,2022-08-08 04:01:00,2022-08-08 04:16:00,2022-08-08 04:31:00,2022-08-08 04:46:00,2022-08-08 05:01:00,2022-08-08 05:16:00,2022-08-08 05:31:00,2022-08-08 05:46:00,2022-08-08 06:01:00,2022-08-08 06:16:00,2022-08-08 06:31:00,2022-08-08 06:46:00,2022-08-08 07:01:00,2022-08-08 07:16:00,2022-08-08 07:31:00,2022-08-08 07:46:00,2022-08-08 08:01:00,2022-08-08 08:16:00,2022-08-08 08:31:00,2022-08-08 08:46:00,2022-08-08 09:01:00,2022-08-08 09:16:00,2022-08-08 09:31:00,2022-08-08 09:46:00,2022-08-08 10:01:00,2022-08-08 10:16:00,2022-08-08 10:31:00,2022-08-08 10:46:00,2022-08-08 11:01:00,2022-08-08 11:16:00,2022-08-08 11:31:00,2022-08-08 11:46:00,2022-08-08 12:01:00,2022-08-08 12:16:00,2022-08-08 12:31:00,2022-08-08 12:46:00,2022-08-08 13:01:00,2022-08-08 13:16:00,2022-08-08 13:31:00,2022-08-08 13:46:00,2022-08-08 14:01:00,2022-08-08 14:16:00,2022-08-08 14:31:00,2022-08-08 14:46:00,2022-08-08 15:01:00,2022-08-08 15:16:00,2022-08-08 15:31:00,2022-08-08 15:46:00,2022-08-08 16:01:00,2022-08-08 16:16:00,2022-08-08 16:31:00,2022-08-08 16:46:00,2022-08-08 17:01:00,2022-08-08 17:16:00,2022-08-08 17:31:00,2022-08-08 17:46:00,2022-08-08 18:01:00,2022-08-08 18:16:00,2022-08-08 18:31:00,2022-08-08 18:46:00,2022-08-08 19:01:00,2022-08-08 19:16:00,2022-08-08 19:31:00,2022-08-08 19:46:00,2022-08-08 20:01:00,2022-08-08 20:16:00,2022-08-08 20:31:00,2022-08-08 20:46:00,2022-08-08 21:01:00,2022-08-08 21:16:00,2022-08-08 21:31:00,2022-08-08 21:46:00,2022-08-08 22:01:00,2022-08-08 22:16:00,2022-08-08 22:31:00,2022-08-08 22:46:00,2022-08-08 23:01:00,2022-08-08 23:16:00,2022-08-08 23:31:00,2022-08-08 23:46:00,2022-08-09 00:01:00
