MAE,ks,xs,kw
0.00710992587758007,20.0,0.7894736842105261,3.312310615921323
0.007370614440500844,15.132934551178858,0.7894736842105261,3.312310615921323
0.007549734323018345,11.450285406513153,0.7894736842105261,3.312310615921323
0.007643634965972762,8.663820982454096,0.7894736842105261,3.312310615921323
0.007683394222370144,6.555451794530399,0.7894736842105261,3.312310615921323
0.0077865370412587565,20.0,0.7894736842105261,4.06958880964731
0.007801135159221107,15.132934551178858,0.6842105263157894,4.06958880964731
0.00785383898054354,3.753089700800592,0.894736842105263,3.312310615921323
0.007869504320649062,8.663820982454096,0.894736842105263,2.695948443325881
0.007875740294136818,6.555451794530399,0.894736842105263,2.695948443325881
0.007881989847281973,4.960161148001825,1.0,2.695948443325881
0.007910965244487514,4.960161148001825,0.7894736842105261,3.312310615921323
0.007929854162657114,4.960161148001825,0.894736842105263,3.312310615921323
0.007944857559811464,11.450285406513153,0.6842105263157894,4.06958880964731
0.007962024617737453,3.753089700800592,1.0,3.312310615921323
0.007989924375525495,20.0,0.6842105263157894,4.06958880964731
0.008026241686456225,6.555451794530399,1.0,2.695948443325881
0.008036866384424909,2.8397630403459395,1.0,3.312310615921323
0.008047476211633242,11.450285406513153,0.894736842105263,2.695948443325881
0.00808419186704557,6.555451794530399,0.894736842105263,3.312310615921323
0.008135993759973453,15.132934551178858,0.7894736842105261,4.06958880964731
0.00814332460919547,15.132934551178858,0.7894736842105261,2.695948443325881
0.008148082104584179,11.450285406513153,0.7894736842105261,2.695948443325881
0.008153534703808673,4.960161148001825,1.0,3.312310615921323
0.008164181508478256,6.555451794530399,0.5789473684210527,4.06958880964731
0.008169722106812813,15.132934551178858,0.894736842105263,2.695948443325881
0.00817471000362334,4.960161148001825,0.894736842105263,2.695948443325881
0.008182984879162563,20.0,0.7894736842105261,2.695948443325881
0.008215840414497444,8.663820982454096,0.7894736842105261,2.695948443325881
0.008216117559416305,8.663820982454096,0.6842105263157894,4.06958880964731
0.008220897351762482,20.0,0.894736842105263,2.695948443325881
0.008253799494670566,3.753089700800592,1.0,2.695948443325881
0.008264746326809635,3.753089700800592,0.7894736842105261,3.312310615921323
0.008283335690817292,2.8397630403459395,0.894736842105263,3.312310615921323
0.008286131636946682,8.663820982454096,0.894736842105263,3.312310615921323
0.008296163730882475,3.753089700800592,0.4736842105263157,4.06958880964731
0.008321844100862716,2.8397630403459395,0.36842105263157876,4.06958880964731
0.008324848250139679,4.960161148001825,0.5789473684210527,4.06958880964731
0.008325352574903386,8.663820982454096,0.5789473684210527,4.06958880964731
0.008325661006296559,2.1486974115205904,0.1578947368421053,4.06958880964731
0.008333959568033095,8.663820982454096,1.0,2.695948443325881
0.008341635110791206,1.6258048649414265,-0.1578947368421053,4.06958880964731
0.008342653434969607,1.2301599307073392,-0.8947368421052632,4.06958880964731
0.00834908505946121,1.2301599307073392,-1.0,4.06958880964731
0.008355055992033825,1.2301599307073392,-0.7894736842105263,4.06958880964731
0.008357077493080534,1.6258048649414265,-0.26315789473684215,4.06958880964731
0.00836161904308121,6.555451794530399,0.7894736842105261,2.695948443325881
0.008368560425529786,1.2301599307073392,-0.6842105263157895,4.06958880964731
0.008372113068284512,1.6258048649414265,-0.052631578947368474,4.06958880964731
0.008377787980475499,2.1486974115205904,0.26315789473684204,4.06958880964731
0.008383156965975682,1.2301599307073392,-0.5789473684210527,4.06958880964731
0.00838717855072787,1.6258048649414265,-0.368421052631579,4.06958880964731
0.008389890520819992,2.1486974115205904,0.05263157894736836,4.06958880964731
0.008390383987797798,4.960161148001825,0.4736842105263157,4.06958880964731
0.008398886233751299,1.2301599307073392,-0.4736842105263158,4.06958880964731
0.00840091516189263,2.8397630403459395,0.26315789473684204,4.06958880964731
0.008403771762776128,11.450285406513153,0.7894736842105261,4.06958880964731
0.008404744828872148,1.6258048649414265,0.05263157894736836,4.06958880964731
0.008411187900000578,6.555451794530399,0.6842105263157894,4.06958880964731
0.00841383669771304,1.6258048649414265,-0.4736842105263158,4.06958880964731
0.008415435508983906,8.663820982454096,0.6842105263157894,3.312310615921323
0.008415668224230214,1.2301599307073392,-0.368421052631579,4.06958880964731
0.008419348710815238,2.8397630403459395,0.4736842105263157,4.06958880964731
0.00842775405458748,2.1486974115205904,1.0,3.312310615921323
0.008433547060555147,1.2301599307073392,-0.26315789473684215,4.06958880964731
0.008437622946992258,1.6258048649414265,-0.5789473684210527,4.06958880964731
0.008438145726168283,2.1486974115205904,0.36842105263157876,4.06958880964731
0.008439164721434222,0.9307964859438446,-1.0,4.06958880964731
0.008439357965812369,1.6258048649414265,0.1578947368421053,4.06958880964731
0.008440776861923691,3.753089700800592,0.36842105263157876,4.06958880964731
0.008444811617013817,3.753089700800592,0.5789473684210527,4.06958880964731
0.008446191165913183,6.555451794530399,1.0,3.312310615921323
0.008446480900297601,2.1486974115205904,-0.052631578947368474,4.06958880964731
0.00844792058101021,0.9307964859438446,-0.8947368421052632,4.06958880964731
0.00844969291393996,6.555451794530399,0.6842105263157894,3.312310615921323
0.008452509186680912,1.2301599307073392,-0.1578947368421053,4.06958880964731
0.008457175058783562,0.9307964859438446,-0.7894736842105263,4.06958880964731
0.008458633996355927,1.6258048649414265,-0.6842105263157895,4.06958880964731
0.008461211207026123,11.450285406513153,0.894736842105263,3.312310615921323
0.008466968998328443,0.9307964859438446,-0.6842105263157895,4.06958880964731
0.008472547163703908,1.2301599307073392,-0.052631578947368474,4.06958880964731
0.00847588647799093,1.6258048649414265,0.26315789473684204,4.06958880964731
0.008477058019712127,1.6258048649414265,-0.7894736842105263,4.06958880964731
0.008477283348642858,0.9307964859438446,-0.5789473684210527,4.06958880964731
0.008477334779040358,11.450285406513153,0.6842105263157894,3.312310615921323
0.00848808070210925,0.9307964859438446,-0.4736842105263158,4.06958880964731
0.0084930055989514,1.6258048649414265,-0.8947368421052632,4.06958880964731
0.008493466165528924,1.2301599307073392,0.05263157894736836,4.06958880964731
0.008495901399838902,2.1486974115205904,-0.1578947368421053,4.06958880964731
0.008499307574733012,0.9307964859438446,-0.368421052631579,4.06958880964731
0.008501068571725454,2.1486974115205904,0.4736842105263157,4.06958880964731
0.008502422674261495,2.8397630403459395,0.1578947368421053,4.06958880964731
0.008506695531255206,1.6258048649414265,-1.0,4.06958880964731
0.008510934561852628,0.9307964859438446,-0.26315789473684215,4.06958880964731
0.008511934683921219,0.7042841151127737,-1.0,4.06958880964731
0.00851285673497967,3.753089700800592,0.894736842105263,2.695948443325881
0.008513570781638159,1.6258048649414265,0.36842105263157876,4.06958880964731
0.008515054534721567,1.2301599307073392,0.1578947368421053,4.06958880964731
0.008517987649519259,0.7042841151127737,-0.8947368421052632,4.06958880964731
0.00851963249371485,2.8397630403459395,0.5789473684210527,4.06958880964731
0.008522953716230616,0.9307964859438446,-0.1578947368421053,4.06958880964731
0.008524238880106436,0.7042841151127737,-0.7894736842105263,4.06958880964731
0.00852960460246924,4.960161148001825,0.6842105263157894,4.06958880964731
0.008530670698038947,0.7042841151127737,-0.6842105263157895,4.06958880964731
